product_code,service_code,base_weight,base_cost,extra_weight,extra_rate
PROD_A,SVC_01,1,3.44,1,1.16
PROD_A,SVC_02,1,4.33,1,0.84
PROD_A,SVC_03,1,2.89,1,0.44
PROD_B,SVC_01,1,2.65,1,1.08
PROD_B,SVC_02,1,4,1,0.94
PROD_B,SVC_03,1,2.55,1,1.17
PROD_C,SVC_01,1,4.58,1,0.49
PROD_C,SVC_02,1,2.95,1,0.47
PROD_C,SVC_03,1,3.26,1,0.77
PROD_D,SVC_01,1,3.58,1,0.56
PROD_D,SVC_02,1,4.03,1,0.43
PROD_D,SVC_03,1,3.23,1,0.63
