invoice_id,tracking_id,product_code,service_code,billed_weight,billed_amount,base_weight,base_cost,extra_weight,extra_rate,expected_amount,variance,variance_pct,rate_found,status
INV_001,TRK_000001,PROD_D,SVC_02,8.97,6.78,1.0,4.03,1.0,0.43,7.470000000000001,-0.6900000000000004,-0.09236947791164662,True,UNDERCHARGED
INV_001,TRK_000002,PROD_C,SVC_03,6.87,7.02,1.0,3.26,1.0,0.77,7.88,-0.8600000000000003,-0.10913705583756349,True,UNDERCHARGED
INV_001,TRK_000003,PROD_A,SVC_99,12.16,5.74,,,,,,,,False,NO_RATE_FOUND
INV_001,TRK_000004,PROD_A,SVC_01,3.77,6.9,1.0,3.44,1.0,1.16,6.92,-0.019999999999999574,-0.0028901734104045626,True,UNDERCHARGED
INV_001,TRK_000005,PROD_D,SVC_02,0.71,4.36,1.0,4.03,1.0,0.43,4.03,0.33000000000000007,0.08188585607940448,True,OVERCHARGED
INV_001,TRK_000006,PROD_D,SVC_01,11.38,9.25,1.0,3.58,1.0,0.56,9.74,-0.4900000000000002,-0.050308008213552385,True,UNDERCHARGED
INV_001,TRK_000007,PROD_B,SVC_02,2.94,6.37,1.0,4.0,1.0,0.94,5.88,0.4900000000000002,0.08333333333333337,True,OVERCHARGED
INV_002,TRK_000008,PROD_D,SVC_99,13.44,8.38,,,,,,,,False,NO_RATE_FOUND
INV_002,TRK_000009,PROD_D,SVC_02,8.64,7.35,1.0,4.03,1.0,0.43,7.470000000000001,-0.120000000000001,-0.01606425702811258,True,UNDERCHARGED
INV_002,TRK_000010,PROD_B,SVC_02,5.95,8.26,1.0,4.0,1.0,0.94,8.7,-0.4399999999999995,-0.050574712643678105,True,UNDERCHARGED
INV_002,TRK_000011,PROD_A,SVC_03,14.49,9.01,1.0,2.89,1.0,0.44,9.05,-0.040000000000000924,-0.004419889502762533,True,UNDERCHARGED
INV_002,TRK_000012,PROD_A,SVC_01,12.07,14.9,1.0,3.44,1.0,1.16,17.36,-2.459999999999999,-0.1417050691244239,True,UNDERCHARGED
INV_002,TRK_000013,PROD_C,SVC_02,6.04,5.1,1.0,2.95,1.0,0.47,5.77,-0.6699999999999999,-0.11611785095320623,True,UNDERCHARGED
INV_002,TRK_000014,PROD_C,SVC_03,10.66,11.19,1.0,3.26,1.0,0.77,10.96,0.22999999999999865,0.02098540145985389,True,OVERCHARGED
INV_002,TRK_000015,PROD_A,SVC_03,13.91,8.83,1.0,2.89,1.0,0.44,8.61,0.22000000000000064,0.02555168408826953,True,OVERCHARGED
INV_002,TRK_000016,PROD_D,SVC_99,9.42,5.98,,,,,,,,False,NO_RATE_FOUND
INV_002,TRK_000017,PROD_D,SVC_02,10.1,8.21,1.0,4.03,1.0,0.43,8.33,-0.11999999999999922,-0.014405762304921875,True,UNDERCHARGED
INV_002,TRK_000018,PROD_D,SVC_03,13.33,10.94,1.0,3.23,1.0,0.63,11.42,-0.4800000000000004,-0.042031523642732084,True,UNDERCHARGED
INV_002,TRK_000019,PROD_A,SVC_99,12.76,9.5,,,,,,,,False,NO_RATE_FOUND
INV_002,TRK_000020,PROD_C,SVC_03,7.51,8.31,1.0,3.26,1.0,0.77,8.65,-0.33999999999999986,-0.03930635838150287,True,UNDERCHARGED
INV_002,TRK_000021,PROD_C,SVC_01,6.7,6.93,1.0,4.58,1.0,0.49,7.52,-0.5899999999999999,-0.07845744680851062,True,UNDERCHARGED
INV_003,TRK_000022,PROD_A,SVC_02,7.73,10.8,1.0,4.33,1.0,0.84,10.21,0.5899999999999999,0.05778648383937315,True,OVERCHARGED
INV_003,TRK_000023,PROD_C,SVC_03,8.19,8.27,1.0,3.26,1.0,0.77,9.42,-1.1500000000000004,-0.12208067940552021,True,UNDERCHARGED
INV_003,TRK_000024,PROD_A,SVC_01,4.49,6.98,1.0,3.44,1.0,1.16,8.08,-1.0999999999999996,-0.1361386138613861,True,UNDERCHARGED
INV_003,TRK_000025,PROD_B,SVC_03,4.58,6.21,1.0,2.55,1.0,1.17,7.2299999999999995,-1.0199999999999996,-0.1410788381742738,True,UNDERCHARGED
INV_003,TRK_000026,PROD_D,SVC_03,2.96,4.82,1.0,3.23,1.0,0.63,4.49,0.33000000000000007,0.0734966592427617,True,OVERCHARGED
INV_003,TRK_000027,PROD_C,SVC_02,2.01,3.33,1.0,2.95,1.0,0.47,3.89,-0.56,-0.14395886889460155,True,UNDERCHARGED
INV_003,TRK_000028,PROD_B,SVC_01,3.57,5.35,1.0,2.65,1.0,1.08,5.890000000000001,-0.5400000000000009,-0.0916808149405774,True,UNDERCHARGED
INV_003,TRK_000029,PROD_D,SVC_02,4.71,5.25,1.0,4.03,1.0,0.43,5.75,-0.5,-0.08695652173913043,True,UNDERCHARGED
INV_003,TRK_000030,PROD_C,SVC_02,3.49,3.81,1.0,2.95,1.0,0.47,4.36,-0.5500000000000003,-0.12614678899082574,True,UNDERCHARGED
INV_003,TRK_000031,PROD_D,SVC_01,2.69,4.27,1.0,3.58,1.0,0.56,4.7,-0.4300000000000006,-0.09148936170212778,True,UNDERCHARGED
INV_003,TRK_000032,PROD_D,SVC_03,5.58,6.69,1.0,3.23,1.0,0.63,6.38,0.3100000000000005,0.04858934169279005,True,OVERCHARGED
INV_004,TRK_000033,PROD_D,SVC_01,7.56,6.96,1.0,3.58,1.0,0.56,7.5,-0.54,-0.07200000000000001,True,UNDERCHARGED
INV_004,TRK_000034,PROD_A,SVC_99,4.15,11.79,,,,,,,,False,NO_RATE_FOUND
INV_004,TRK_000035,PROD_D,SVC_01,4.32,5.88,1.0,3.58,1.0,0.56,5.82,0.05999999999999961,0.010309278350515396,True,OVERCHARGED
INV_004,TRK_000036,PROD_C,SVC_03,8.06,8.61,1.0,3.26,1.0,0.77,9.42,-0.8100000000000005,-0.08598726114649687,True,UNDERCHARGED
INV_004,TRK_000037,PROD_B,SVC_01,10.15,13.19,1.0,2.65,1.0,1.08,13.450000000000001,-0.26000000000000156,-0.019330855018587476,True,UNDERCHARGED
INV_004,TRK_000038,PROD_C,SVC_01,12.09,9.95,1.0,4.58,1.0,0.49,10.46,-0.5100000000000016,-0.04875717017208427,True,UNDERCHARGED
INV_004,TRK_000039,PROD_B,SVC_03,8.13,10.0,1.0,2.55,1.0,1.17,11.91,-1.9100000000000001,-0.1603694374475231,True,UNDERCHARGED
INV_004,TRK_000040,PROD_A,SVC_01,7.72,11.68,1.0,3.44,1.0,1.16,11.559999999999999,0.120000000000001,0.01038062283737033,True,OVERCHARGED
INV_005,TRK_000041,PROD_D,SVC_02,3.46,5.3,1.0,4.03,1.0,0.43,5.32,-0.020000000000000462,-0.003759398496240688,True,UNDERCHARGED
INV_005,TRK_000042,PROD_C,SVC_01,9.75,8.29,1.0,4.58,1.0,0.49,8.99,-0.7000000000000011,-0.07786429365962191,True,UNDERCHARGED
INV_005,TRK_000043,PROD_A,SVC_02,7.86,10.77,1.0,4.33,1.0,0.84,10.21,0.5599999999999987,0.05484818805093033,True,OVERCHARGED
INV_005,TRK_000044,PROD_C,SVC_02,1.88,3.65,1.0,2.95,1.0,0.47,3.42,0.22999999999999998,0.06725146198830409,True,OVERCHARGED
INV_005,TRK_000045,PROD_B,SVC_03,3.58,5.21,1.0,2.55,1.0,1.17,6.06,-0.8499999999999996,-0.1402640264026402,True,UNDERCHARGED
INV_005,TRK_000046,PROD_D,SVC_02,8.04,6.69,1.0,4.03,1.0,0.43,7.470000000000001,-0.7800000000000002,-0.10441767068273095,True,UNDERCHARGED
INV_005,TRK_000047,PROD_D,SVC_99,8.46,10.94,,,,,,,,False,NO_RATE_FOUND
INV_006,TRK_000048,PROD_A,SVC_01,10.57,15.55,1.0,3.44,1.0,1.16,15.04,0.5100000000000016,0.033909574468085214,True,OVERCHARGED
INV_006,TRK_000049,PROD_D,SVC_99,11.74,8.78,,,,,,,,False,NO_RATE_FOUND
INV_006,TRK_000050,PROD_C,SVC_99,11.82,9.02,,,,,,,,False,NO_RATE_FOUND
INV_006,TRK_000051,PROD_B,SVC_01,1.7,3.52,1.0,2.65,1.0,1.08,3.73,-0.20999999999999996,-0.056300268096514734,True,UNDERCHARGED
INV_006,TRK_000052,PROD_A,SVC_02,4.72,7.43,1.0,4.33,1.0,0.84,7.6899999999999995,-0.2599999999999998,-0.03381014304291285,True,UNDERCHARGED
INV_006,TRK_000053,PROD_C,SVC_03,3.52,5.42,1.0,3.26,1.0,0.77,5.57,-0.15000000000000036,-0.026929982046678697,True,UNDERCHARGED
INV_006,TRK_000054,PROD_A,SVC_02,2.85,5.73,1.0,4.33,1.0,0.84,6.01,-0.27999999999999936,-0.046589018302828515,True,UNDERCHARGED
INV_006,TRK_000055,PROD_D,SVC_99,9.93,8.11,,,,,,,,False,NO_RATE_FOUND
INV_006,TRK_000056,PROD_D,SVC_02,9.62,7.35,1.0,4.03,1.0,0.43,7.9,-0.5500000000000007,-0.06962025316455706,True,UNDERCHARGED
INV_006,TRK_000057,PROD_B,SVC_99,6.02,11.03,,,,,,,,False,NO_RATE_FOUND
INV_006,TRK_000058,PROD_C,SVC_02,5.38,5.15,1.0,2.95,1.0,0.47,5.3,-0.14999999999999947,-0.02830188679245273,True,UNDERCHARGED
INV_007,TRK_000059,PROD_A,SVC_01,7.59,11.24,1.0,3.44,1.0,1.16,11.559999999999999,-0.3199999999999985,-0.02768166089965385,True,UNDERCHARGED
INV_007,TRK_000060,PROD_D,SVC_03,2.82,4.76,1.0,3.23,1.0,0.63,4.49,0.2699999999999996,0.0601336302895322,True,OVERCHARGED
INV_007,TRK_000061,PROD_A,SVC_01,13.28,18.56,1.0,3.44,1.0,1.16,18.52,0.03999999999999915,0.0021598272138228483,True,OVERCHARGED
INV_007,TRK_000062,PROD_A,SVC_99,6.54,11.7,,,,,,,,False,NO_RATE_FOUND
INV_007,TRK_000063,PROD_C,SVC_99,1.32,5.75,,,,,,,,False,NO_RATE_FOUND
INV_008,TRK_000064,PROD_A,SVC_02,2.71,5.83,1.0,4.33,1.0,0.84,6.01,-0.17999999999999972,-0.029950083194675493,True,UNDERCHARGED
INV_008,TRK_000065,PROD_C,SVC_99,13.96,3.63,,,,,,,,False,NO_RATE_FOUND
INV_008,TRK_000066,PROD_B,SVC_03,14.85,17.4,1.0,2.55,1.0,1.17,18.93,-1.5300000000000011,-0.08082408874801908,True,UNDERCHARGED
INV_008,TRK_000067,PROD_C,SVC_02,4.97,5.15,1.0,2.95,1.0,0.47,4.83,0.3200000000000003,0.06625258799171849,True,OVERCHARGED
INV_008,TRK_000068,PROD_A,SVC_03,5.52,4.68,1.0,2.89,1.0,0.44,5.09,-0.41000000000000014,-0.08055009823182714,True,UNDERCHARGED
INV_008,TRK_000069,PROD_C,SVC_02,3.99,4.45,1.0,2.95,1.0,0.47,4.36,0.08999999999999986,0.020642201834862352,True,OVERCHARGED
INV_008,TRK_000070,PROD_D,SVC_02,7.62,7.29,1.0,4.03,1.0,0.43,7.04,0.25,0.03551136363636364,True,OVERCHARGED
INV_008,TRK_000071,PROD_A,SVC_01,6.07,8.48,1.0,3.44,1.0,1.16,10.399999999999999,-1.9199999999999982,-0.18461538461538446,True,UNDERCHARGED
INV_008,TRK_000072,PROD_C,SVC_02,5.76,4.77,1.0,2.95,1.0,0.47,5.3,-0.5300000000000002,-0.10000000000000005,True,UNDERCHARGED
INV_008,TRK_000073,PROD_C,SVC_03,5.06,5.95,1.0,3.26,1.0,0.77,7.109999999999999,-1.1599999999999993,-0.16315049226441622,True,UNDERCHARGED
INV_008,TRK_000074,PROD_B,SVC_02,8.94,10.39,1.0,4.0,1.0,0.94,11.52,-1.129999999999999,-0.09809027777777769,True,UNDERCHARGED
INV_009,TRK_000075,PROD_B,SVC_03,5.53,7.26,1.0,2.55,1.0,1.17,8.399999999999999,-1.1399999999999988,-0.1357142857142856,True,UNDERCHARGED
INV_009,TRK_000076,PROD_A,SVC_03,4.22,4.71,1.0,2.89,1.0,0.44,4.65,0.05999999999999961,0.012903225806451528,True,OVERCHARGED
INV_009,TRK_000077,PROD_C,SVC_01,0.96,4.61,1.0,4.58,1.0,0.49,4.58,0.03000000000000025,0.006550218340611408,True,OVERCHARGED
INV_009,TRK_000078,PROD_C,SVC_03,2.25,3.91,1.0,3.26,1.0,0.77,4.8,-0.8899999999999997,-0.18541666666666662,True,UNDERCHARGED
INV_009,TRK_000079,PROD_B,SVC_02,4.98,8.2,1.0,4.0,1.0,0.94,7.76,0.4399999999999995,0.05670103092783499,True,OVERCHARGED
INV_009,TRK_000080,PROD_C,SVC_02,11.21,7.36,1.0,2.95,1.0,0.47,8.120000000000001,-0.7600000000000007,-0.09359605911330056,True,UNDERCHARGED
INV_009,TRK_000081,PROD_B,SVC_99,12.57,9.26,,,,,,,,False,NO_RATE_FOUND
INV_009,TRK_000082,PROD_A,SVC_01,13.75,18.02,1.0,3.44,1.0,1.16,18.52,-0.5,-0.026997840172786176,True,UNDERCHARGED
INV_010,TRK_000083,PROD_D,SVC_01,14.03,11.18,1.0,3.58,1.0,0.56,11.420000000000002,-0.240000000000002,-0.021015761821366195,True,UNDERCHARGED
INV_010,TRK_000084,PROD_A,SVC_03,8.4,6.28,1.0,2.89,1.0,0.44,6.41,-0.1299999999999999,-0.02028081123244928,True,UNDERCHARGED
INV_010,TRK_000085,PROD_C,SVC_01,8.58,7.73,1.0,4.58,1.0,0.49,8.5,-0.7699999999999996,-0.0905882352941176,True,UNDERCHARGED
INV_010,TRK_000086,PROD_B,SVC_01,1.92,3.31,1.0,2.65,1.0,1.08,3.73,-0.41999999999999993,-0.11260053619302947,True,UNDERCHARGED
INV_010,TRK_000087,PROD_A,SVC_02,14.7,14.81,1.0,4.33,1.0,0.84,16.09,-1.2799999999999994,-0.07955251709136106,True,UNDERCHARGED
INV_010,TRK_000088,PROD_D,SVC_01,7.48,7.17,1.0,3.58,1.0,0.56,7.5,-0.33000000000000007,-0.04400000000000001,True,UNDERCHARGED
INV_010,TRK_000089,PROD_A,SVC_02,9.82,10.68,1.0,4.33,1.0,0.84,11.89,-1.2100000000000009,-0.10176619007569393,True,UNDERCHARGED
INV_010,TRK_000090,PROD_B,SVC_03,0.87,2.49,1.0,2.55,1.0,1.17,2.55,-0.05999999999999961,-0.02352941176470573,True,UNDERCHARGED
INV_010,TRK_000091,PROD_B,SVC_99,7.62,7.85,,,,,,,,False,NO_RATE_FOUND
INV_010,TRK_000092,PROD_A,SVC_01,1.24,3.82,1.0,3.44,1.0,1.16,4.6,-0.7799999999999998,-0.1695652173913043,True,UNDERCHARGED
INV_011,TRK_000093,PROD_D,SVC_03,14.12,11.67,1.0,3.23,1.0,0.63,12.05,-0.3800000000000008,-0.03153526970954363,True,UNDERCHARGED
INV_011,TRK_000094,PROD_B,SVC_03,2.1,4.08,1.0,2.55,1.0,1.17,4.89,-0.8099999999999996,-0.16564417177914104,True,UNDERCHARGED
INV_011,TRK_000095,PROD_C,SVC_99,5.91,11.65,,,,,,,,False,NO_RATE_FOUND
INV_011,TRK_000096,PROD_B,SVC_01,4.25,5.81,1.0,2.65,1.0,1.08,6.970000000000001,-1.160000000000001,-0.16642754662840759,True,UNDERCHARGED
INV_011,TRK_000097,PROD_B,SVC_01,1.6,3.42,1.0,2.65,1.0,1.08,3.73,-0.31000000000000005,-0.08310991957104559,True,UNDERCHARGED
INV_012,TRK_000098,PROD_B,SVC_02,12.7,13.57,1.0,4.0,1.0,0.94,15.28,-1.709999999999999,-0.11191099476439785,True,UNDERCHARGED
INV_012,TRK_000099,PROD_B,SVC_01,7.54,10.09,1.0,2.65,1.0,1.08,10.21,-0.120000000000001,-0.01175318315377091,True,UNDERCHARGED
INV_012,TRK_000100,PROD_B,SVC_03,13.19,17.6,1.0,2.55,1.0,1.17,17.759999999999998,-0.1599999999999966,-0.009009009009008818,True,UNDERCHARGED
INV_012,TRK_000101,PROD_A,SVC_99,8.31,6.81,,,,,,,,False,NO_RATE_FOUND
INV_012,TRK_000102,PROD_D,SVC_03,14.86,11.75,1.0,3.23,1.0,0.63,12.05,-0.3000000000000007,-0.024896265560166032,True,UNDERCHARGED
INV_013,TRK_000103,PROD_A,SVC_03,5.24,5.17,1.0,2.89,1.0,0.44,5.09,0.08000000000000007,0.015717092337917498,True,OVERCHARGED
INV_013,TRK_000104,PROD_A,SVC_01,10.26,14.86,1.0,3.44,1.0,1.16,15.04,-0.17999999999999972,-0.011968085106382961,True,UNDERCHARGED
INV_013,TRK_000105,PROD_C,SVC_01,13.56,10.75,1.0,4.58,1.0,0.49,10.95,-0.1999999999999993,-0.01826484018264834,True,UNDERCHARGED
INV_013,TRK_000106,PROD_D,SVC_02,4.61,5.14,1.0,4.03,1.0,0.43,5.75,-0.6100000000000003,-0.10608695652173919,True,UNDERCHARGED
INV_013,TRK_000107,PROD_D,SVC_01,13.6,9.77,1.0,3.58,1.0,0.56,10.860000000000001,-1.0900000000000016,-0.10036832412523035,True,UNDERCHARGED
INV_013,TRK_000108,PROD_C,SVC_99,10.22,7.34,,,,,,,,False,NO_RATE_FOUND
INV_014,TRK_000109,PROD_C,SVC_01,1.56,4.95,1.0,4.58,1.0,0.49,5.07,-0.1200000000000001,-0.023668639053254458,True,UNDERCHARGED
INV_014,TRK_000110,PROD_D,SVC_03,11.34,10.31,1.0,3.23,1.0,0.63,10.16,0.15000000000000036,0.01476377952755909,True,OVERCHARGED
INV_014,TRK_000111,PROD_A,SVC_01,13.98,20.25,1.0,3.44,1.0,1.16,18.52,1.7300000000000004,0.0934125269978402,True,OVERCHARGED
INV_014,TRK_000112,PROD_B,SVC_02,6.73,10.11,1.0,4.0,1.0,0.94,9.64,0.46999999999999886,0.048755186721991584,True,OVERCHARGED
INV_014,TRK_000113,PROD_C,SVC_03,14.54,14.2,1.0,3.26,1.0,0.77,14.040000000000001,0.15999999999999837,0.011396011396011279,True,OVERCHARGED
INV_014,TRK_000114,PROD_B,SVC_03,1.7,3.09,1.0,2.55,1.0,1.17,3.7199999999999998,-0.6299999999999999,-0.1693548387096774,True,UNDERCHARGED
INV_014,TRK_000115,PROD_A,SVC_01,6.07,10.05,1.0,3.44,1.0,1.16,10.399999999999999,-0.34999999999999787,-0.03365384615384595,True,UNDERCHARGED
INV_014,TRK_000116,PROD_B,SVC_01,1.46,3.45,1.0,2.65,1.0,1.08,3.73,-0.2799999999999998,-0.07506702412868628,True,UNDERCHARGED
INV_014,TRK_000117,PROD_D,SVC_99,13.23,5.13,,,,,,,,False,NO_RATE_FOUND
INV_014,TRK_000118,PROD_C,SVC_99,11.35,6.39,,,,,,,,False,NO_RATE_FOUND
INV_014,TRK_000119,PROD_C,SVC_02,5.79,5.41,1.0,2.95,1.0,0.47,5.3,0.11000000000000032,0.020754716981132137,True,OVERCHARGED
INV_014,TRK_000120,PROD_B,SVC_99,1.85,7.43,,,,,,,,False,NO_RATE_FOUND
INV_014,TRK_000121,PROD_A,SVC_02,8.66,11.28,1.0,4.33,1.0,0.84,11.05,0.22999999999999865,0.020814479638008927,True,OVERCHARGED
INV_014,TRK_000122,PROD_D,SVC_01,9.81,8.93,1.0,3.58,1.0,0.56,8.620000000000001,0.3099999999999987,0.03596287703016226,True,OVERCHARGED
INV_015,TRK_000123,PROD_C,SVC_02,1.43,3.17,1.0,2.95,1.0,0.47,3.42,-0.25,-0.07309941520467836,True,UNDERCHARGED
INV_015,TRK_000124,PROD_A,SVC_99,0.38,11.73,,,,,,,,False,NO_RATE_FOUND
INV_015,TRK_000125,PROD_A,SVC_02,0.84,4.7,1.0,4.33,1.0,0.84,4.33,0.3700000000000001,0.08545034642032334,True,OVERCHARGED
INV_015,TRK_000126,PROD_D,SVC_01,8.4,8.45,1.0,3.58,1.0,0.56,8.06,0.3899999999999988,0.048387096774193394,True,OVERCHARGED
INV_015,TRK_000127,PROD_B,SVC_01,3.41,5.04,1.0,2.65,1.0,1.08,5.890000000000001,-0.8500000000000005,-0.14431239388794576,True,UNDERCHARGED
INV_015,TRK_000128,PROD_A,SVC_03,8.85,6.85,1.0,2.89,1.0,0.44,6.41,0.4399999999999995,0.06864274570982831,True,OVERCHARGED
INV_015,TRK_000129,PROD_A,SVC_99,14.39,3.52,,,,,,,,False,NO_RATE_FOUND
INV_015,TRK_000130,PROD_B,SVC_02,9.38,11.35,1.0,4.0,1.0,0.94,12.459999999999999,-1.1099999999999994,-0.08908507223113961,True,UNDERCHARGED
INV_015,TRK_000131,PROD_D,SVC_03,5.95,6.0,1.0,3.23,1.0,0.63,6.38,-0.3799999999999999,-0.05956112852664575,True,UNDERCHARGED
INV_015,TRK_000132,PROD_D,SVC_01,14.62,12.3,1.0,3.58,1.0,0.56,11.420000000000002,0.879999999999999,0.07705779334500866,True,OVERCHARGED
INV_015,TRK_000133,PROD_B,SVC_01,4.34,6.15,1.0,2.65,1.0,1.08,6.970000000000001,-0.8200000000000003,-0.11764705882352944,True,UNDERCHARGED
INV_015,TRK_000134,PROD_A,SVC_03,2.61,3.89,1.0,2.89,1.0,0.44,3.77,0.1200000000000001,0.03183023872679048,True,OVERCHARGED
INV_015,TRK_000135,PROD_A,SVC_99,6.37,8.23,,,,,,,,False,NO_RATE_FOUND
INV_016,TRK_000136,PROD_B,SVC_01,13.17,15.96,1.0,2.65,1.0,1.08,16.69,-0.7300000000000004,-0.04373876572798085,True,UNDERCHARGED
INV_016,TRK_000137,PROD_A,SVC_01,5.77,9.53,1.0,3.44,1.0,1.16,9.24,0.28999999999999915,0.031385281385281294,True,OVERCHARGED
INV_016,TRK_000138,PROD_D,SVC_99,5.78,9.75,,,,,,,,False,NO_RATE_FOUND
INV_016,TRK_000139,PROD_A,SVC_99,12.66,10.54,,,,,,,,False,NO_RATE_FOUND
INV_016,TRK_000140,PROD_B,SVC_01,2.18,3.54,1.0,2.65,1.0,1.08,4.8100000000000005,-1.2700000000000005,-0.2640332640332641,True,UNDERCHARGED
INV_016,TRK_000141,PROD_C,SVC_99,12.23,12.0,,,,,,,,False,NO_RATE_FOUND
INV_016,TRK_000142,PROD_B,SVC_99,8.86,9.54,,,,,,,,False,NO_RATE_FOUND
INV_016,TRK_000143,PROD_B,SVC_99,3.86,7.05,,,,,,,,False,NO_RATE_FOUND
INV_016,TRK_000144,PROD_B,SVC_01,4.27,5.82,1.0,2.65,1.0,1.08,6.970000000000001,-1.1500000000000004,-0.16499282639885227,True,UNDERCHARGED
INV_016,TRK_000145,PROD_A,SVC_03,9.35,6.38,1.0,2.89,1.0,0.44,6.85,-0.46999999999999975,-0.06861313868613135,True,UNDERCHARGED
INV_016,TRK_000146,PROD_D,SVC_01,7.57,7.22,1.0,3.58,1.0,0.56,7.5,-0.28000000000000025,-0.037333333333333364,True,UNDERCHARGED
INV_016,TRK_000147,PROD_C,SVC_02,12.81,8.59,1.0,2.95,1.0,0.47,8.59,0.0,0.0,True,MATCH
INV_016,TRK_000148,PROD_A,SVC_01,11.92,16.4,1.0,3.44,1.0,1.16,16.2,0.1999999999999993,0.012345679012345635,True,OVERCHARGED
INV_017,TRK_000149,PROD_C,SVC_03,9.66,10.53,1.0,3.26,1.0,0.77,10.19,0.33999999999999986,0.03336604514229636,True,OVERCHARGED
INV_017,TRK_000150,PROD_C,SVC_01,0.42,4.44,1.0,4.58,1.0,0.49,4.58,-0.13999999999999968,-0.03056768558951958,True,UNDERCHARGED
INV_017,TRK_000151,PROD_B,SVC_03,8.41,10.3,1.0,2.55,1.0,1.17,11.91,-1.6099999999999994,-0.13518052057094873,True,UNDERCHARGED
INV_017,TRK_000152,PROD_B,SVC_02,7.81,10.99,1.0,4.0,1.0,0.94,10.58,0.41000000000000014,0.03875236294896032,True,OVERCHARGED
INV_017,TRK_000153,PROD_D,SVC_02,7.95,7.3,1.0,4.03,1.0,0.43,7.04,0.2599999999999998,0.03693181818181815,True,OVERCHARGED
INV_017,TRK_000154,PROD_A,SVC_01,13.91,18.39,1.0,3.44,1.0,1.16,18.52,-0.129999999999999,-0.007019438444924353,True,UNDERCHARGED
INV_017,TRK_000155,PROD_D,SVC_01,0.88,3.67,1.0,3.58,1.0,0.56,3.58,0.08999999999999986,0.025139664804469233,True,OVERCHARGED
INV_017,TRK_000156,PROD_B,SVC_02,9.57,11.43,1.0,4.0,1.0,0.94,12.459999999999999,-1.0299999999999994,-0.08266452648475116,True,UNDERCHARGED
INV_017,TRK_000157,PROD_C,SVC_02,7.01,5.87,1.0,2.95,1.0,0.47,6.24,-0.3700000000000001,-0.05929487179487181,True,UNDERCHARGED
INV_017,TRK_000158,PROD_C,SVC_01,9.68,8.27,1.0,4.58,1.0,0.49,8.99,-0.7200000000000006,-0.0800889877641825,True,UNDERCHARGED
INV_017,TRK_000159,PROD_D,SVC_02,13.14,9.28,1.0,4.03,1.0,0.43,9.620000000000001,-0.34000000000000163,-0.03534303534303551,True,UNDERCHARGED
INV_018,TRK_000160,PROD_A,SVC_01,0.8,3.21,1.0,3.44,1.0,1.16,3.44,-0.22999999999999998,-0.06686046511627906,True,UNDERCHARGED
INV_018,TRK_000161,PROD_D,SVC_02,0.67,4.07,1.0,4.03,1.0,0.43,4.03,0.040000000000000036,0.009925558312655096,True,OVERCHARGED
INV_018,TRK_000162,PROD_A,SVC_02,3.25,6.05,1.0,4.33,1.0,0.84,6.85,-0.7999999999999998,-0.1167883211678832,True,UNDERCHARGED
INV_018,TRK_000163,PROD_B,SVC_02,4.96,7.09,1.0,4.0,1.0,0.94,7.76,-0.6699999999999999,-0.08634020618556701,True,UNDERCHARGED
INV_018,TRK_000164,PROD_C,SVC_03,1.41,3.84,1.0,3.26,1.0,0.77,4.029999999999999,-0.1899999999999995,-0.047146401985111545,True,UNDERCHARGED
INV_018,TRK_000165,PROD_C,SVC_02,0.24,3.17,1.0,2.95,1.0,0.47,2.95,0.21999999999999975,0.07457627118644058,True,OVERCHARGED
INV_019,TRK_000166,PROD_A,SVC_03,14.8,9.03,1.0,2.89,1.0,0.44,9.05,-0.02000000000000135,-0.0022099447513813644,True,UNDERCHARGED
INV_019,TRK_000167,PROD_D,SVC_02,9.35,7.42,1.0,4.03,1.0,0.43,7.9,-0.4800000000000004,-0.06075949367088613,True,UNDERCHARGED
INV_019,TRK_000168,PROD_D,SVC_03,1.12,3.07,1.0,3.23,1.0,0.63,3.86,-0.79,-0.20466321243523317,True,UNDERCHARGED
INV_019,TRK_000169,PROD_C,SVC_03,13.45,12.88,1.0,3.26,1.0,0.77,13.27,-0.3899999999999988,-0.02938960060286351,True,UNDERCHARGED
INV_019,TRK_000170,PROD_C,SVC_01,13.03,10.17,1.0,4.58,1.0,0.49,10.95,-0.7799999999999994,-0.07123287671232871,True,UNDERCHARGED
INV_019,TRK_000171,PROD_C,SVC_01,4.18,5.99,1.0,4.58,1.0,0.49,6.54,-0.5499999999999998,-0.0840978593272171,True,UNDERCHARGED
INV_019,TRK_000172,PROD_B,SVC_03,12.64,14.84,1.0,2.55,1.0,1.17,16.59,-1.75,-0.10548523206751055,True,UNDERCHARGED
INV_019,TRK_000173,PROD_B,SVC_01,13.38,16.32,1.0,2.65,1.0,1.08,16.69,-0.370000000000001,-0.022168963451168422,True,UNDERCHARGED
INV_019,TRK_000174,PROD_D,SVC_02,9.8,7.78,1.0,4.03,1.0,0.43,7.9,-0.1200000000000001,-0.015189873417721532,True,UNDERCHARGED
INV_019,TRK_000175,PROD_D,SVC_02,8.89,7.79,1.0,4.03,1.0,0.43,7.470000000000001,0.3199999999999994,0.042838018741633115,True,OVERCHARGED
INV_019,TRK_000176,PROD_A,SVC_03,5.81,4.84,1.0,2.89,1.0,0.44,5.09,-0.25,-0.049115913555992145,True,UNDERCHARGED
INV_019,TRK_000177,PROD_D,SVC_03,8.65,7.82,1.0,3.23,1.0,0.63,8.27,-0.4499999999999993,-0.05441354292623934,True,UNDERCHARGED
INV_020,TRK_000178,PROD_A,SVC_99,0.31,5.03,,,,,,,,False,NO_RATE_FOUND
INV_020,TRK_000179,PROD_B,SVC_01,2.58,4.08,1.0,2.65,1.0,1.08,4.8100000000000005,-0.7300000000000004,-0.15176715176715183,True,UNDERCHARGED
INV_020,TRK_000180,PROD_B,SVC_03,1.02,2.75,1.0,2.55,1.0,1.17,3.7199999999999998,-0.9699999999999998,-0.26075268817204295,True,UNDERCHARGED
INV_020,TRK_000181,PROD_C,SVC_02,6.27,5.95,1.0,2.95,1.0,0.47,5.77,0.1800000000000006,0.03119584055459283,True,OVERCHARGED
INV_020,TRK_000182,PROD_C,SVC_99,8.72,11.26,,,,,,,,False,NO_RATE_FOUND
INV_020,TRK_000183,PROD_C,SVC_03,4.02,5.22,1.0,3.26,1.0,0.77,6.34,-1.12,-0.17665615141955837,True,UNDERCHARGED
INV_020,TRK_000184,PROD_C,SVC_03,10.83,10.9,1.0,3.26,1.0,0.77,10.96,-0.0600000000000005,-0.005474452554744571,True,UNDERCHARGED
INV_020,TRK_000185,PROD_B,SVC_01,11.59,13.21,1.0,2.65,1.0,1.08,14.530000000000001,-1.3200000000000003,-0.09084652443220924,True,UNDERCHARGED
INV_020,TRK_000186,PROD_B,SVC_03,3.15,5.3,1.0,2.55,1.0,1.17,6.06,-0.7599999999999998,-0.12541254125412538,True,UNDERCHARGED
INV_020,TRK_000187,PROD_D,SVC_01,9.24,7.85,1.0,3.58,1.0,0.56,8.620000000000001,-0.7700000000000014,-0.08932714617169388,True,UNDERCHARGED
INV_021,TRK_000188,PROD_B,SVC_01,7.32,9.54,1.0,2.65,1.0,1.08,10.21,-0.6700000000000017,-0.06562193927522053,True,UNDERCHARGED
INV_021,TRK_000189,PROD_A,SVC_02,6.92,9.39,1.0,4.33,1.0,0.84,9.370000000000001,0.019999999999999574,0.0021344717182496874,True,OVERCHARGED
INV_021,TRK_000190,PROD_B,SVC_99,4.97,10.29,,,,,,,,False,NO_RATE_FOUND
INV_021,TRK_000191,PROD_A,SVC_01,0.24,3.18,1.0,3.44,1.0,1.16,3.44,-0.2599999999999998,-0.07558139534883715,True,UNDERCHARGED
INV_021,TRK_000192,PROD_C,SVC_02,6.3,5.28,1.0,2.95,1.0,0.47,5.77,-0.4899999999999993,-0.08492201039861341,True,UNDERCHARGED
INV_021,TRK_000193,PROD_A,SVC_99,11.24,6.68,,,,,,,,False,NO_RATE_FOUND
INV_021,TRK_000194,PROD_A,SVC_03,14.09,8.1,1.0,2.89,1.0,0.44,9.05,-0.9500000000000011,-0.10497237569060784,True,UNDERCHARGED
INV_021,TRK_000195,PROD_C,SVC_99,10.88,3.43,,,,,,,,False,NO_RATE_FOUND
INV_021,TRK_000196,PROD_A,SVC_01,11.97,15.2,1.0,3.44,1.0,1.16,16.2,-1.0,-0.0617283950617284,True,UNDERCHARGED
INV_022,TRK_000197,PROD_A,SVC_01,3.69,6.74,1.0,3.44,1.0,1.16,6.92,-0.17999999999999972,-0.026011560693641578,True,UNDERCHARGED
INV_022,TRK_000198,PROD_B,SVC_02,13.18,15.12,1.0,4.0,1.0,0.94,16.22,-1.0999999999999996,-0.06781750924784215,True,UNDERCHARGED
INV_022,TRK_000199,PROD_D,SVC_02,10.76,8.88,1.0,4.03,1.0,0.43,8.33,0.5500000000000007,0.06602641056422577,True,OVERCHARGED
INV_022,TRK_000200,PROD_A,SVC_02,11.26,12.96,1.0,4.33,1.0,0.84,13.57,-0.6099999999999994,-0.04495210022107586,True,UNDERCHARGED
INV_022,TRK_000201,PROD_A,SVC_02,5.99,8.58,1.0,4.33,1.0,0.84,8.530000000000001,0.049999999999998934,0.005861664712778303,True,OVERCHARGED
INV_022,TRK_000202,PROD_A,SVC_99,9.44,4.05,,,,,,,,False,NO_RATE_FOUND
INV_022,TRK_000203,PROD_B,SVC_02,11.01,13.93,1.0,4.0,1.0,0.94,14.34,-0.41000000000000014,-0.028591352859135295,True,UNDERCHARGED
INV_023,TRK_000204,PROD_C,SVC_99,7.53,9.67,,,,,,,,False,NO_RATE_FOUND
INV_023,TRK_000205,PROD_C,SVC_03,2.44,4.2,1.0,3.26,1.0,0.77,4.8,-0.5999999999999996,-0.12499999999999993,True,UNDERCHARGED
INV_023,TRK_000206,PROD_A,SVC_03,2.32,3.27,1.0,2.89,1.0,0.44,3.77,-0.5,-0.13262599469496023,True,UNDERCHARGED
INV_023,TRK_000207,PROD_B,SVC_03,13.18,16.27,1.0,2.55,1.0,1.17,17.759999999999998,-1.4899999999999984,-0.08389639639639632,True,UNDERCHARGED
INV_023,TRK_000208,PROD_B,SVC_02,5.81,8.45,1.0,4.0,1.0,0.94,8.7,-0.25,-0.02873563218390805,True,UNDERCHARGED
INV_023,TRK_000209,PROD_D,SVC_02,12.0,8.15,1.0,4.03,1.0,0.43,8.76,-0.6099999999999994,-0.06963470319634697,True,UNDERCHARGED
INV_023,TRK_000210,PROD_C,SVC_02,11.62,7.17,1.0,2.95,1.0,0.47,8.120000000000001,-0.9500000000000011,-0.11699507389162574,True,UNDERCHARGED
INV_023,TRK_000211,PROD_C,SVC_03,8.23,8.39,1.0,3.26,1.0,0.77,9.42,-1.0299999999999994,-0.10934182590233539,True,UNDERCHARGED
INV_024,TRK_000212,PROD_D,SVC_01,13.65,10.84,1.0,3.58,1.0,0.56,10.860000000000001,-0.02000000000000135,-0.001841620626151137,True,UNDERCHARGED
INV_024,TRK_000213,PROD_D,SVC_02,4.46,5.64,1.0,4.03,1.0,0.43,5.75,-0.11000000000000032,-0.01913043478260875,True,UNDERCHARGED
INV_024,TRK_000214,PROD_B,SVC_03,7.69,10.61,1.0,2.55,1.0,1.17,10.739999999999998,-0.129999999999999,-0.012104283054003634,True,UNDERCHARGED
INV_024,TRK_000215,PROD_C,SVC_03,8.98,8.66,1.0,3.26,1.0,0.77,9.42,-0.7599999999999998,-0.08067940552016983,True,UNDERCHARGED
INV_024,TRK_000216,PROD_D,SVC_03,13.85,11.79,1.0,3.23,1.0,0.63,11.42,0.3699999999999992,0.03239929947460589,True,OVERCHARGED
INV_024,TRK_000217,PROD_B,SVC_03,5.74,7.4,1.0,2.55,1.0,1.17,8.399999999999999,-0.9999999999999982,-0.11904761904761886,True,UNDERCHARGED
INV_024,TRK_000218,PROD_C,SVC_03,14.03,14.42,1.0,3.26,1.0,0.77,14.040000000000001,0.379999999999999,0.027065527065526993,True,OVERCHARGED
INV_024,TRK_000219,PROD_C,SVC_01,3.69,5.5,1.0,4.58,1.0,0.49,6.05,-0.5499999999999998,-0.09090909090909088,True,UNDERCHARGED
INV_024,TRK_000220,PROD_D,SVC_01,13.83,11.56,1.0,3.58,1.0,0.56,10.860000000000001,0.6999999999999993,0.06445672191528538,True,OVERCHARGED
INV_025,TRK_000221,PROD_C,SVC_03,6.11,6.55,1.0,3.26,1.0,0.77,7.88,-1.33,-0.16878172588832488,True,UNDERCHARGED
INV_025,TRK_000222,PROD_A,SVC_01,11.86,16.37,1.0,3.44,1.0,1.16,16.2,0.1700000000000017,0.010493827160493933,True,OVERCHARGED
INV_025,TRK_000223,PROD_C,SVC_02,8.15,6.84,1.0,2.95,1.0,0.47,6.71,0.1299999999999999,0.01937406855439641,True,OVERCHARGED
INV_025,TRK_000224,PROD_B,SVC_02,7.32,10.77,1.0,4.0,1.0,0.94,10.58,0.1899999999999995,0.01795841209829863,True,OVERCHARGED
INV_025,TRK_000225,PROD_D,SVC_01,6.9,6.39,1.0,3.58,1.0,0.56,6.94,-0.5500000000000007,-0.0792507204610952,True,UNDERCHARGED
INV_025,TRK_000226,PROD_D,SVC_03,2.65,3.87,1.0,3.23,1.0,0.63,4.49,-0.6200000000000001,-0.1380846325167038,True,UNDERCHARGED
INV_025,TRK_000227,PROD_A,SVC_02,8.79,11.16,1.0,4.33,1.0,0.84,11.05,0.10999999999999943,0.009954751131221667,True,OVERCHARGED
INV_025,TRK_000228,PROD_D,SVC_01,7.82,8.1,1.0,3.58,1.0,0.56,7.5,0.5999999999999996,0.07999999999999995,True,OVERCHARGED
INV_025,TRK_000229,PROD_A,SVC_01,6.34,8.84,1.0,3.44,1.0,1.16,10.399999999999999,-1.5599999999999987,-0.1499999999999999,True,UNDERCHARGED
INV_025,TRK_000230,PROD_A,SVC_01,4.63,7.36,1.0,3.44,1.0,1.16,8.08,-0.7199999999999998,-0.08910891089108908,True,UNDERCHARGED
INV_025,TRK_000231,PROD_B,SVC_03,3.31,5.67,1.0,2.55,1.0,1.17,6.06,-0.3899999999999997,-0.0643564356435643,True,UNDERCHARGED
INV_026,TRK_000232,PROD_A,SVC_02,12.58,14.3,1.0,4.33,1.0,0.84,14.41,-0.10999999999999943,-0.007633587786259503,True,UNDERCHARGED
INV_026,TRK_000233,PROD_A,SVC_03,6.91,5.52,1.0,2.89,1.0,0.44,5.53,-0.010000000000000675,-0.0018083182640145886,True,UNDERCHARGED
INV_026,TRK_000234,PROD_D,SVC_02,7.56,7.21,1.0,4.03,1.0,0.43,7.04,0.16999999999999993,0.02414772727272726,True,OVERCHARGED
INV_026,TRK_000235,PROD_D,SVC_01,12.95,11.19,1.0,3.58,1.0,0.56,10.3,0.8899999999999988,0.08640776699029114,True,OVERCHARGED
INV_026,TRK_000236,PROD_D,SVC_01,13.48,10.62,1.0,3.58,1.0,0.56,10.860000000000001,-0.240000000000002,-0.022099447513812334,True,UNDERCHARGED
INV_027,TRK_000237,PROD_C,SVC_99,12.63,10.8,,,,,,,,False,NO_RATE_FOUND
INV_027,TRK_000238,PROD_D,SVC_01,3.49,4.71,1.0,3.58,1.0,0.56,5.26,-0.5499999999999998,-0.10456273764258552,True,UNDERCHARGED
INV_027,TRK_000239,PROD_C,SVC_02,9.01,6.5,1.0,2.95,1.0,0.47,7.18,-0.6799999999999997,-0.09470752089136486,True,UNDERCHARGED
INV_027,TRK_000240,PROD_A,SVC_01,9.86,13.0,1.0,3.44,1.0,1.16,13.879999999999999,-0.879999999999999,-0.06340057636887601,True,UNDERCHARGED
INV_027,TRK_000241,PROD_B,SVC_03,14.83,19.12,1.0,2.55,1.0,1.17,18.93,0.19000000000000128,0.010036978341257332,True,OVERCHARGED
INV_028,TRK_000242,PROD_D,SVC_03,3.23,4.44,1.0,3.23,1.0,0.63,5.12,-0.6799999999999997,-0.13281249999999994,True,UNDERCHARGED
INV_028,TRK_000243,PROD_D,SVC_01,9.57,8.77,1.0,3.58,1.0,0.56,8.620000000000001,0.14999999999999858,0.017401392111368742,True,OVERCHARGED
INV_028,TRK_000244,PROD_A,SVC_01,2.89,5.73,1.0,3.44,1.0,1.16,5.76,-0.02999999999999936,-0.005208333333333223,True,UNDERCHARGED
INV_028,TRK_000245,PROD_D,SVC_03,13.68,11.5,1.0,3.23,1.0,0.63,11.42,0.08000000000000007,0.007005253940455348,True,OVERCHARGED
INV_028,TRK_000246,PROD_C,SVC_01,5.82,7.07,1.0,4.58,1.0,0.49,7.03,0.040000000000000036,0.005689900426742537,True,OVERCHARGED
INV_028,TRK_000247,PROD_D,SVC_03,5.31,6.27,1.0,3.23,1.0,0.63,6.38,-0.11000000000000032,-0.01724137931034488,True,UNDERCHARGED
INV_028,TRK_000248,PROD_A,SVC_02,4.56,7.98,1.0,4.33,1.0,0.84,7.6899999999999995,0.2900000000000009,0.03771131339401833,True,OVERCHARGED
INV_028,TRK_000249,PROD_B,SVC_03,1.89,3.64,1.0,2.55,1.0,1.17,3.7199999999999998,-0.07999999999999963,-0.021505376344085923,True,UNDERCHARGED
INV_029,TRK_000250,PROD_D,SVC_01,7.37,7.17,1.0,3.58,1.0,0.56,7.5,-0.33000000000000007,-0.04400000000000001,True,UNDERCHARGED
INV_029,TRK_000251,PROD_A,SVC_02,9.58,10.98,1.0,4.33,1.0,0.84,11.89,-0.9100000000000001,-0.07653490328006729,True,UNDERCHARGED
INV_029,TRK_000252,PROD_B,SVC_03,6.44,8.26,1.0,2.55,1.0,1.17,9.57,-1.3100000000000005,-0.13688610240334384,True,UNDERCHARGED
INV_029,TRK_000253,PROD_A,SVC_01,4.23,6.49,1.0,3.44,1.0,1.16,8.08,-1.5899999999999999,-0.19678217821782176,True,UNDERCHARGED
INV_029,TRK_000254,PROD_B,SVC_02,12.26,14.58,1.0,4.0,1.0,0.94,15.28,-0.6999999999999993,-0.04581151832460729,True,UNDERCHARGED
INV_029,TRK_000255,PROD_B,SVC_02,9.84,13.12,1.0,4.0,1.0,0.94,12.459999999999999,0.6600000000000001,0.05296950240770467,True,OVERCHARGED
INV_029,TRK_000256,PROD_C,SVC_01,2.27,4.96,1.0,4.58,1.0,0.49,5.5600000000000005,-0.6000000000000005,-0.1079136690647483,True,UNDERCHARGED
INV_029,TRK_000257,PROD_C,SVC_99,9.04,8.4,,,,,,,,False,NO_RATE_FOUND
INV_029,TRK_000258,PROD_A,SVC_02,8.68,11.51,1.0,4.33,1.0,0.84,11.05,0.4599999999999991,0.041628959276018014,True,OVERCHARGED
INV_029,TRK_000259,PROD_A,SVC_02,7.88,9.19,1.0,4.33,1.0,0.84,10.21,-1.0200000000000014,-0.09990205680705204,True,UNDERCHARGED
INV_029,TRK_000260,PROD_D,SVC_99,2.93,3.81,,,,,,,,False,NO_RATE_FOUND
INV_030,TRK_000261,PROD_B,SVC_01,12.59,14.98,1.0,2.65,1.0,1.08,15.610000000000001,-0.6300000000000008,-0.04035874439461888,True,UNDERCHARGED
INV_030,TRK_000262,PROD_D,SVC_03,4.6,5.57,1.0,3.23,1.0,0.63,5.75,-0.17999999999999972,-0.03130434782608691,True,UNDERCHARGED
INV_030,TRK_000263,PROD_B,SVC_02,14.32,15.31,1.0,4.0,1.0,0.94,17.16,-1.8499999999999996,-0.10780885780885778,True,UNDERCHARGED
INV_030,TRK_000264,PROD_D,SVC_01,0.66,3.41,1.0,3.58,1.0,0.56,3.58,-0.16999999999999993,-0.04748603351955305,True,UNDERCHARGED
INV_030,TRK_000265,PROD_C,SVC_99,12.73,11.6,,,,,,,,False,NO_RATE_FOUND
INV_030,TRK_000266,PROD_C,SVC_02,11.61,7.31,1.0,2.95,1.0,0.47,8.120000000000001,-0.8100000000000014,-0.09975369458128094,True,UNDERCHARGED
INV_030,TRK_000267,PROD_A,SVC_02,6.31,9.15,1.0,4.33,1.0,0.84,9.370000000000001,-0.22000000000000064,-0.02347918890074713,True,UNDERCHARGED
INV_031,TRK_000268,PROD_B,SVC_02,1.32,3.94,1.0,4.0,1.0,0.94,4.9399999999999995,-0.9999999999999996,-0.2024291497975708,True,UNDERCHARGED
INV_031,TRK_000269,PROD_D,SVC_03,4.23,5.36,1.0,3.23,1.0,0.63,5.75,-0.3899999999999997,-0.06782608695652169,True,UNDERCHARGED
INV_031,TRK_000270,PROD_C,SVC_02,12.15,8.95,1.0,2.95,1.0,0.47,8.59,0.35999999999999943,0.04190919674039574,True,OVERCHARGED
INV_031,TRK_000271,PROD_A,SVC_99,6.8,4.67,,,,,,,,False,NO_RATE_FOUND
INV_031,TRK_000272,PROD_B,SVC_99,11.42,8.75,,,,,,,,False,NO_RATE_FOUND
INV_031,TRK_000273,PROD_A,SVC_03,10.45,7.54,1.0,2.89,1.0,0.44,7.290000000000001,0.2499999999999991,0.03429355281207121,True,OVERCHARGED
INV_031,TRK_000274,PROD_A,SVC_99,9.77,9.24,,,,,,,,False,NO_RATE_FOUND
INV_031,TRK_000275,PROD_A,SVC_99,0.78,9.35,,,,,,,,False,NO_RATE_FOUND
INV_031,TRK_000276,PROD_C,SVC_99,8.43,7.26,,,,,,,,False,NO_RATE_FOUND
INV_031,TRK_000277,PROD_C,SVC_01,10.52,8.87,1.0,4.58,1.0,0.49,9.48,-0.6100000000000012,-0.06434599156118156,True,UNDERCHARGED
INV_031,TRK_000278,PROD_D,SVC_01,6.44,7.02,1.0,3.58,1.0,0.56,6.94,0.07999999999999918,0.011527377521613714,True,OVERCHARGED
INV_031,TRK_000279,PROD_C,SVC_99,12.7,5.87,,,,,,,,False,NO_RATE_FOUND
INV_032,TRK_000280,PROD_C,SVC_01,9.02,8.05,1.0,4.58,1.0,0.49,8.99,-0.9399999999999995,-0.10456062291434921,True,UNDERCHARGED
INV_032,TRK_000281,PROD_D,SVC_02,13.3,9.38,1.0,4.03,1.0,0.43,9.620000000000001,-0.2400000000000002,-0.024948024948024967,True,UNDERCHARGED
INV_032,TRK_000282,PROD_B,SVC_03,1.17,2.65,1.0,2.55,1.0,1.17,3.7199999999999998,-1.0699999999999998,-0.2876344086021505,True,UNDERCHARGED
INV_032,TRK_000283,PROD_A,SVC_02,9.99,12.45,1.0,4.33,1.0,0.84,11.89,0.5599999999999987,0.047098402018502836,True,OVERCHARGED
INV_032,TRK_000284,PROD_A,SVC_99,9.31,5.1,,,,,,,,False,NO_RATE_FOUND
INV_032,TRK_000285,PROD_C,SVC_02,14.86,8.52,1.0,2.95,1.0,0.47,9.530000000000001,-1.0100000000000016,-0.10598111227702009,True,UNDERCHARGED
INV_032,TRK_000286,PROD_A,SVC_02,14.1,16.25,1.0,4.33,1.0,0.84,16.09,0.16000000000000014,0.009944064636420146,True,OVERCHARGED
INV_032,TRK_000287,PROD_C,SVC_01,0.98,4.2,1.0,4.58,1.0,0.49,4.58,-0.3799999999999999,-0.08296943231441045,True,UNDERCHARGED
INV_032,TRK_000288,PROD_B,SVC_02,9.49,12.88,1.0,4.0,1.0,0.94,12.459999999999999,0.4200000000000017,0.033707865168539464,True,OVERCHARGED
INV_032,TRK_000289,PROD_C,SVC_02,1.56,3.11,1.0,2.95,1.0,0.47,3.42,-0.31000000000000005,-0.09064327485380119,True,UNDERCHARGED
INV_032,TRK_000290,PROD_D,SVC_03,3.73,4.56,1.0,3.23,1.0,0.63,5.12,-0.5600000000000005,-0.1093750000000001,True,UNDERCHARGED
INV_032,TRK_000291,PROD_B,SVC_02,12.82,15.76,1.0,4.0,1.0,0.94,15.28,0.4800000000000004,0.03141361256544505,True,OVERCHARGED
INV_032,TRK_000292,PROD_A,SVC_01,0.46,3.78,1.0,3.44,1.0,1.16,3.44,0.33999999999999986,0.09883720930232553,True,OVERCHARGED
INV_032,TRK_000293,PROD_A,SVC_01,6.0,8.55,1.0,3.44,1.0,1.16,9.24,-0.6899999999999995,-0.07467532467532462,True,UNDERCHARGED
INV_033,TRK_000294,PROD_A,SVC_03,1.52,3.07,1.0,2.89,1.0,0.44,3.33,-0.26000000000000023,-0.07807807807807815,True,UNDERCHARGED
INV_033,TRK_000295,PROD_D,SVC_99,9.09,11.13,,,,,,,,False,NO_RATE_FOUND
INV_033,TRK_000296,PROD_B,SVC_01,14.87,16.68,1.0,2.65,1.0,1.08,17.77,-1.0899999999999999,-0.061339335959482266,True,UNDERCHARGED
INV_033,TRK_000297,PROD_D,SVC_03,3.61,5.2,1.0,3.23,1.0,0.63,5.12,0.08000000000000007,0.015625000000000014,True,OVERCHARGED
INV_033,TRK_000298,PROD_B,SVC_01,2.81,4.35,1.0,2.65,1.0,1.08,4.8100000000000005,-0.46000000000000085,-0.0956340956340958,True,UNDERCHARGED
INV_033,TRK_000299,PROD_A,SVC_99,12.43,10.21,,,,,,,,False,NO_RATE_FOUND
INV_033,TRK_000300,PROD_B,SVC_99,13.28,11.35,,,,,,,,False,NO_RATE_FOUND
INV_033,TRK_000301,PROD_B,SVC_02,4.05,6.89,1.0,4.0,1.0,0.94,7.76,-0.8700000000000001,-0.11211340206185569,True,UNDERCHARGED
INV_033,TRK_000302,PROD_B,SVC_03,2.48,4.55,1.0,2.55,1.0,1.17,4.89,-0.33999999999999986,-0.06952965235173822,True,UNDERCHARGED
INV_033,TRK_000303,PROD_B,SVC_03,11.27,13.21,1.0,2.55,1.0,1.17,15.419999999999998,-2.2099999999999973,-0.143320363164721,True,UNDERCHARGED
INV_033,TRK_000304,PROD_D,SVC_03,1.55,3.85,1.0,3.23,1.0,0.63,3.86,-0.009999999999999787,-0.0025906735751294787,True,MATCH
INV_033,TRK_000305,PROD_C,SVC_01,7.25,6.95,1.0,4.58,1.0,0.49,8.01,-1.0599999999999996,-0.13233458177278398,True,UNDERCHARGED
INV_033,TRK_000306,PROD_B,SVC_99,12.18,8.9,,,,,,,,False,NO_RATE_FOUND
INV_033,TRK_000307,PROD_A,SVC_03,4.36,4.15,1.0,2.89,1.0,0.44,4.65,-0.5,-0.1075268817204301,True,UNDERCHARGED
INV_034,TRK_000308,PROD_D,SVC_03,0.92,3.25,1.0,3.23,1.0,0.63,3.23,0.020000000000000018,0.00619195046439629,True,OVERCHARGED
INV_034,TRK_000309,PROD_A,SVC_01,10.31,13.03,1.0,3.44,1.0,1.16,15.04,-2.01,-0.13364361702127658,True,UNDERCHARGED
INV_034,TRK_000310,PROD_A,SVC_01,13.27,17.73,1.0,3.44,1.0,1.16,18.52,-0.7899999999999991,-0.04265658747300211,True,UNDERCHARGED
INV_034,TRK_000311,PROD_C,SVC_03,5.35,6.84,1.0,3.26,1.0,0.77,7.109999999999999,-0.2699999999999996,-0.03797468354430374,True,UNDERCHARGED
INV_034,TRK_000312,PROD_C,SVC_99,11.06,7.69,,,,,,,,False,NO_RATE_FOUND
INV_034,TRK_000313,PROD_D,SVC_03,12.79,11.44,1.0,3.23,1.0,0.63,10.790000000000001,0.6499999999999986,0.06024096385542155,True,OVERCHARGED
INV_034,TRK_000314,PROD_A,SVC_02,3.73,7.19,1.0,4.33,1.0,0.84,6.85,0.34000000000000075,0.049635036496350475,True,OVERCHARGED
INV_034,TRK_000315,PROD_D,SVC_03,11.34,9.08,1.0,3.23,1.0,0.63,10.16,-1.08,-0.1062992125984252,True,UNDERCHARGED
INV_034,TRK_000316,PROD_C,SVC_99,7.09,10.91,,,,,,,,False,NO_RATE_FOUND
INV_034,TRK_000317,PROD_B,SVC_01,5.16,7.49,1.0,2.65,1.0,1.08,8.05,-0.5600000000000005,-0.0695652173913044,True,UNDERCHARGED
INV_035,TRK_000318,PROD_D,SVC_02,11.4,8.09,1.0,4.03,1.0,0.43,8.76,-0.6699999999999999,-0.07648401826484018,True,UNDERCHARGED
INV_035,TRK_000319,PROD_B,SVC_02,9.33,12.97,1.0,4.0,1.0,0.94,12.459999999999999,0.5100000000000016,0.04093097913322645,True,OVERCHARGED
INV_035,TRK_000320,PROD_A,SVC_01,5.78,8.1,1.0,3.44,1.0,1.16,9.24,-1.1400000000000006,-0.12337662337662343,True,UNDERCHARGED
INV_035,TRK_000321,PROD_A,SVC_03,1.78,3.4,1.0,2.89,1.0,0.44,3.33,0.06999999999999984,0.021021021021020974,True,OVERCHARGED
INV_035,TRK_000322,PROD_B,SVC_02,12.63,14.61,1.0,4.0,1.0,0.94,15.28,-0.6699999999999999,-0.04384816753926701,True,UNDERCHARGED
INV_035,TRK_000323,PROD_C,SVC_99,1.72,11.44,,,,,,,,False,NO_RATE_FOUND
INV_036,TRK_000324,PROD_B,SVC_99,2.66,9.94,,,,,,,,False,NO_RATE_FOUND
INV_036,TRK_000325,PROD_A,SVC_03,5.32,4.91,1.0,2.89,1.0,0.44,5.09,-0.17999999999999972,-0.035363457760314285,True,UNDERCHARGED
INV_036,TRK_000326,PROD_C,SVC_99,14.85,9.08,,,,,,,,False,NO_RATE_FOUND
INV_036,TRK_000327,PROD_D,SVC_03,2.13,4.15,1.0,3.23,1.0,0.63,4.49,-0.33999999999999986,-0.07572383073496655,True,UNDERCHARGED
INV_036,TRK_000328,PROD_C,SVC_01,12.36,9.89,1.0,4.58,1.0,0.49,10.46,-0.5700000000000003,-0.05449330783938817,True,UNDERCHARGED
INV_036,TRK_000329,PROD_D,SVC_03,10.31,9.0,1.0,3.23,1.0,0.63,9.53,-0.5299999999999994,-0.05561385099685198,True,UNDERCHARGED
INV_036,TRK_000330,PROD_B,SVC_02,14.18,15.09,1.0,4.0,1.0,0.94,17.16,-2.0700000000000003,-0.12062937062937064,True,UNDERCHARGED
INV_036,TRK_000331,PROD_A,SVC_01,11.96,16.78,1.0,3.44,1.0,1.16,16.2,0.5800000000000018,0.03580246913580259,True,OVERCHARGED
INV_037,TRK_000332,PROD_D,SVC_01,10.27,9.04,1.0,3.58,1.0,0.56,9.18,-0.14000000000000057,-0.01525054466230943,True,UNDERCHARGED
INV_037,TRK_000333,PROD_C,SVC_99,14.46,3.28,,,,,,,,False,NO_RATE_FOUND
INV_037,TRK_000334,PROD_A,SVC_99,6.41,8.75,,,,,,,,False,NO_RATE_FOUND
INV_037,TRK_000335,PROD_B,SVC_03,6.75,8.93,1.0,2.55,1.0,1.17,9.57,-0.6400000000000006,-0.0668756530825497,True,UNDERCHARGED
INV_037,TRK_000336,PROD_B,SVC_99,3.6,4.92,,,,,,,,False,NO_RATE_FOUND
INV_037,TRK_000337,PROD_D,SVC_99,10.78,8.06,,,,,,,,False,NO_RATE_FOUND
INV_037,TRK_000338,PROD_D,SVC_02,14.53,9.23,1.0,4.03,1.0,0.43,10.05,-0.8200000000000003,-0.08159203980099505,True,UNDERCHARGED
INV_037,TRK_000339,PROD_A,SVC_01,2.47,5.1,1.0,3.44,1.0,1.16,5.76,-0.6600000000000001,-0.11458333333333336,True,UNDERCHARGED
INV_038,TRK_000340,PROD_D,SVC_01,11.99,9.33,1.0,3.58,1.0,0.56,9.74,-0.41000000000000014,-0.04209445585215607,True,UNDERCHARGED
INV_038,TRK_000341,PROD_D,SVC_99,9.33,10.17,,,,,,,,False,NO_RATE_FOUND
INV_038,TRK_000342,PROD_A,SVC_01,9.06,13.06,1.0,3.44,1.0,1.16,13.879999999999999,-0.8199999999999985,-0.05907780979827079,True,UNDERCHARGED
INV_038,TRK_000343,PROD_D,SVC_02,3.17,4.95,1.0,4.03,1.0,0.43,5.32,-0.3700000000000001,-0.06954887218045114,True,UNDERCHARGED
INV_038,TRK_000344,PROD_C,SVC_03,5.02,6.47,1.0,3.26,1.0,0.77,7.109999999999999,-0.6399999999999997,-0.09001406469760896,True,UNDERCHARGED
INV_038,TRK_000345,PROD_D,SVC_02,6.94,5.94,1.0,4.03,1.0,0.43,6.61,-0.6699999999999999,-0.10136157337367624,True,UNDERCHARGED
INV_039,TRK_000346,PROD_B,SVC_02,7.3,10.12,1.0,4.0,1.0,0.94,10.58,-0.46000000000000085,-0.0434782608695653,True,UNDERCHARGED
INV_039,TRK_000347,PROD_D,SVC_03,11.4,10.67,1.0,3.23,1.0,0.63,10.16,0.5099999999999998,0.05019685039370077,True,OVERCHARGED
INV_039,TRK_000348,PROD_A,SVC_01,7.31,9.91,1.0,3.44,1.0,1.16,11.559999999999999,-1.6499999999999986,-0.1427335640138407,True,UNDERCHARGED
INV_039,TRK_000349,PROD_A,SVC_01,8.65,11.13,1.0,3.44,1.0,1.16,12.719999999999999,-1.589999999999998,-0.12499999999999986,True,UNDERCHARGED
INV_039,TRK_000350,PROD_B,SVC_03,10.6,13.95,1.0,2.55,1.0,1.17,14.25,-0.3000000000000007,-0.02105263157894742,True,UNDERCHARGED
INV_039,TRK_000351,PROD_D,SVC_99,1.27,7.81,,,,,,,,False,NO_RATE_FOUND
INV_040,TRK_000352,PROD_A,SVC_01,12.4,16.19,1.0,3.44,1.0,1.16,17.36,-1.1699999999999982,-0.0673963133640552,True,UNDERCHARGED
INV_040,TRK_000353,PROD_C,SVC_01,8.6,8.62,1.0,4.58,1.0,0.49,8.5,0.11999999999999922,0.014117647058823438,True,OVERCHARGED
INV_040,TRK_000354,PROD_B,SVC_03,0.81,2.64,1.0,2.55,1.0,1.17,2.55,0.0900000000000003,0.03529411764705894,True,OVERCHARGED
INV_040,TRK_000355,PROD_D,SVC_03,10.66,8.44,1.0,3.23,1.0,0.63,9.53,-1.0899999999999999,-0.11437565582371458,True,UNDERCHARGED
INV_040,TRK_000356,PROD_B,SVC_03,9.27,11.73,1.0,2.55,1.0,1.17,13.079999999999998,-1.3499999999999979,-0.10321100917431178,True,UNDERCHARGED
INV_040,TRK_000357,PROD_D,SVC_99,10.77,10.22,,,,,,,,False,NO_RATE_FOUND
INV_040,TRK_000358,PROD_B,SVC_03,7.37,10.32,1.0,2.55,1.0,1.17,10.739999999999998,-0.41999999999999815,-0.03910614525139648,True,UNDERCHARGED
INV_040,TRK_000359,PROD_D,SVC_02,12.3,8.8,1.0,4.03,1.0,0.43,9.190000000000001,-0.39000000000000057,-0.04243743199129494,True,UNDERCHARGED
INV_040,TRK_000360,PROD_C,SVC_01,2.63,5.31,1.0,4.58,1.0,0.49,5.5600000000000005,-0.2500000000000009,-0.044964028776978575,True,UNDERCHARGED
INV_040,TRK_000361,PROD_B,SVC_01,3.86,5.35,1.0,2.65,1.0,1.08,5.890000000000001,-0.5400000000000009,-0.0916808149405774,True,UNDERCHARGED
INV_040,TRK_000362,PROD_A,SVC_03,5.07,4.65,1.0,2.89,1.0,0.44,5.09,-0.4399999999999995,-0.08644400785854607,True,UNDERCHARGED
INV_040,TRK_000363,PROD_A,SVC_01,11.89,16.58,1.0,3.44,1.0,1.16,16.2,0.379999999999999,0.02345679012345673,True,OVERCHARGED
INV_040,TRK_000364,PROD_C,SVC_01,0.51,4.72,1.0,4.58,1.0,0.49,4.58,0.13999999999999968,0.03056768558951958,True,OVERCHARGED
INV_041,TRK_000365,PROD_D,SVC_02,7.5,6.25,1.0,4.03,1.0,0.43,7.04,-0.79,-0.1122159090909091,True,UNDERCHARGED
INV_041,TRK_000366,PROD_C,SVC_03,1.27,3.14,1.0,3.26,1.0,0.77,4.029999999999999,-0.8899999999999992,-0.22084367245657552,True,UNDERCHARGED
INV_041,TRK_000367,PROD_A,SVC_99,2.78,11.65,,,,,,,,False,NO_RATE_FOUND
INV_041,TRK_000368,PROD_B,SVC_03,6.5,8.71,1.0,2.55,1.0,1.17,9.57,-0.8599999999999994,-0.08986415882967601,True,UNDERCHARGED
INV_041,TRK_000369,PROD_D,SVC_03,7.67,7.5,1.0,3.23,1.0,0.63,7.640000000000001,-0.14000000000000057,-0.018324607329843003,True,UNDERCHARGED
INV_041,TRK_000370,PROD_C,SVC_03,6.69,7.99,1.0,3.26,1.0,0.77,7.88,0.11000000000000032,0.013959390862944203,True,OVERCHARGED
INV_041,TRK_000371,PROD_D,SVC_03,9.05,8.79,1.0,3.23,1.0,0.63,8.9,-0.11000000000000121,-0.012359550561797888,True,UNDERCHARGED
INV_041,TRK_000372,PROD_C,SVC_01,8.97,9.19,1.0,4.58,1.0,0.49,8.5,0.6899999999999995,0.08117647058823524,True,OVERCHARGED
INV_041,TRK_000373,PROD_D,SVC_02,7.09,7.1,1.0,4.03,1.0,0.43,7.04,0.05999999999999961,0.008522727272727217,True,OVERCHARGED
INV_042,TRK_000374,PROD_C,SVC_03,6.2,7.41,1.0,3.26,1.0,0.77,7.88,-0.46999999999999975,-0.05964467005076139,True,UNDERCHARGED
INV_042,TRK_000375,PROD_B,SVC_01,14.58,16.21,1.0,2.65,1.0,1.08,17.77,-1.5599999999999987,-0.0877884074282498,True,UNDERCHARGED
INV_042,TRK_000376,PROD_A,SVC_01,6.67,9.21,1.0,3.44,1.0,1.16,10.399999999999999,-1.1899999999999977,-0.11442307692307672,True,UNDERCHARGED
INV_042,TRK_000377,PROD_A,SVC_02,7.82,9.78,1.0,4.33,1.0,0.84,10.21,-0.4300000000000015,-0.04211557296767889,True,UNDERCHARGED
INV_042,TRK_000378,PROD_B,SVC_01,9.85,11.75,1.0,2.65,1.0,1.08,12.370000000000001,-0.620000000000001,-0.05012126111560234,True,UNDERCHARGED
INV_043,TRK_000379,PROD_C,SVC_03,5.01,6.69,1.0,3.26,1.0,0.77,7.109999999999999,-0.41999999999999904,-0.059071729957805776,True,UNDERCHARGED
INV_043,TRK_000380,PROD_D,SVC_02,3.71,4.92,1.0,4.03,1.0,0.43,5.32,-0.40000000000000036,-0.0751879699248121,True,UNDERCHARGED
INV_043,TRK_000381,PROD_B,SVC_01,2.71,4.51,1.0,2.65,1.0,1.08,4.8100000000000005,-0.3000000000000007,-0.06237006237006251,True,UNDERCHARGED
INV_043,TRK_000382,PROD_B,SVC_03,2.36,4.1,1.0,2.55,1.0,1.17,4.89,-0.79,-0.16155419222903888,True,UNDERCHARGED
INV_043,TRK_000383,PROD_D,SVC_03,10.66,8.7,1.0,3.23,1.0,0.63,9.53,-0.8300000000000001,-0.087093389296957,True,UNDERCHARGED
INV_043,TRK_000384,PROD_D,SVC_02,9.16,7.32,1.0,4.03,1.0,0.43,7.9,-0.5800000000000001,-0.07341772151898734,True,UNDERCHARGED
INV_044,TRK_000385,PROD_A,SVC_99,12.12,8.27,,,,,,,,False,NO_RATE_FOUND
INV_044,TRK_000386,PROD_C,SVC_02,8.19,5.74,1.0,2.95,1.0,0.47,6.71,-0.9699999999999998,-0.14456035767511174,True,UNDERCHARGED
INV_044,TRK_000387,PROD_B,SVC_01,8.06,11.17,1.0,2.65,1.0,1.08,11.290000000000001,-0.120000000000001,-0.010628875110717537,True,UNDERCHARGED
INV_044,TRK_000388,PROD_A,SVC_03,3.53,3.75,1.0,2.89,1.0,0.44,4.21,-0.45999999999999996,-0.10926365795724464,True,UNDERCHARGED
INV_044,TRK_000389,PROD_C,SVC_02,7.71,5.54,1.0,2.95,1.0,0.47,6.24,-0.7000000000000002,-0.1121794871794872,True,UNDERCHARGED
INV_044,TRK_000390,PROD_B,SVC_02,7.3,10.29,1.0,4.0,1.0,0.94,10.58,-0.2900000000000009,-0.027410207939508595,True,UNDERCHARGED
INV_044,TRK_000391,PROD_B,SVC_99,9.66,10.81,,,,,,,,False,NO_RATE_FOUND
INV_044,TRK_000392,PROD_C,SVC_01,7.92,7.72,1.0,4.58,1.0,0.49,8.01,-0.29000000000000004,-0.036204744069912614,True,UNDERCHARGED
INV_044,TRK_000393,PROD_B,SVC_01,0.64,2.55,1.0,2.65,1.0,1.08,2.65,-0.10000000000000009,-0.03773584905660381,True,UNDERCHARGED
INV_045,TRK_000394,PROD_B,SVC_03,2.6,4.15,1.0,2.55,1.0,1.17,4.89,-0.7399999999999993,-0.15132924335378312,True,UNDERCHARGED
INV_045,TRK_000395,PROD_C,SVC_03,6.77,8.27,1.0,3.26,1.0,0.77,7.88,0.3899999999999997,0.04949238578680199,True,OVERCHARGED
INV_045,TRK_000396,PROD_B,SVC_01,9.99,13.54,1.0,2.65,1.0,1.08,12.370000000000001,1.1699999999999982,0.0945836701697654,True,OVERCHARGED
INV_045,TRK_000397,PROD_C,SVC_03,7.56,8.51,1.0,3.26,1.0,0.77,8.65,-0.14000000000000057,-0.01618497109826596,True,UNDERCHARGED
INV_045,TRK_000398,PROD_D,SVC_99,11.57,4.02,,,,,,,,False,NO_RATE_FOUND
INV_045,TRK_000399,PROD_A,SVC_03,10.21,6.55,1.0,2.89,1.0,0.44,7.290000000000001,-0.7400000000000011,-0.10150891632373128,True,UNDERCHARGED
INV_046,TRK_000400,PROD_D,SVC_03,1.78,3.84,1.0,3.23,1.0,0.63,3.86,-0.020000000000000018,-0.005181347150259072,True,UNDERCHARGED
INV_046,TRK_000401,PROD_B,SVC_03,4.91,7.65,1.0,2.55,1.0,1.17,7.2299999999999995,0.4200000000000008,0.05809128630705406,True,OVERCHARGED
INV_046,TRK_000402,PROD_A,SVC_99,11.78,8.1,,,,,,,,False,NO_RATE_FOUND
INV_046,TRK_000403,PROD_A,SVC_01,9.83,14.41,1.0,3.44,1.0,1.16,13.879999999999999,0.5300000000000011,0.03818443804034591,True,OVERCHARGED
INV_046,TRK_000404,PROD_D,SVC_03,12.16,10.8,1.0,3.23,1.0,0.63,10.790000000000001,0.009999999999999787,0.00092678405931416,True,MATCH
INV_046,TRK_000405,PROD_A,SVC_02,13.06,14.1,1.0,4.33,1.0,0.84,15.25,-1.1500000000000004,-0.07540983606557379,True,UNDERCHARGED
INV_046,TRK_000406,PROD_B,SVC_02,0.29,3.86,1.0,4.0,1.0,0.94,4.0,-0.14000000000000012,-0.03500000000000003,True,UNDERCHARGED
INV_046,TRK_000407,PROD_D,SVC_03,8.54,7.79,1.0,3.23,1.0,0.63,8.27,-0.47999999999999954,-0.058041112454655326,True,UNDERCHARGED
INV_046,TRK_000408,PROD_A,SVC_02,3.72,6.45,1.0,4.33,1.0,0.84,6.85,-0.39999999999999947,-0.058394160583941535,True,UNDERCHARGED
INV_047,TRK_000409,PROD_B,SVC_03,2.69,4.66,1.0,2.55,1.0,1.17,4.89,-0.22999999999999954,-0.04703476482617578,True,UNDERCHARGED
INV_047,TRK_000410,PROD_B,SVC_02,5.82,9.15,1.0,4.0,1.0,0.94,8.7,0.45000000000000107,0.05172413793103461,True,OVERCHARGED
INV_047,TRK_000411,PROD_D,SVC_99,13.73,10.32,,,,,,,,False,NO_RATE_FOUND
INV_047,TRK_000412,PROD_A,SVC_02,6.1,8.75,1.0,4.33,1.0,0.84,9.370000000000001,-0.620000000000001,-0.06616862326574183,True,UNDERCHARGED
INV_047,TRK_000413,PROD_D,SVC_02,6.04,6.26,1.0,4.03,1.0,0.43,6.61,-0.35000000000000053,-0.052950075642965284,True,UNDERCHARGED
INV_047,TRK_000414,PROD_B,SVC_03,14.34,16.41,1.0,2.55,1.0,1.17,18.93,-2.5199999999999996,-0.13312202852614896,True,UNDERCHARGED
INV_047,TRK_000415,PROD_C,SVC_02,13.47,8.06,1.0,2.95,1.0,0.47,9.059999999999999,-0.9999999999999982,-0.11037527593818966,True,UNDERCHARGED
INV_047,TRK_000416,PROD_C,SVC_01,13.92,9.95,1.0,4.58,1.0,0.49,10.95,-1.0,-0.09132420091324202,True,UNDERCHARGED
INV_047,TRK_000417,PROD_A,SVC_02,3.08,5.67,1.0,4.33,1.0,0.84,6.85,-1.1799999999999997,-0.17226277372262772,True,UNDERCHARGED
INV_047,TRK_000418,PROD_D,SVC_01,4.42,5.28,1.0,3.58,1.0,0.56,5.82,-0.54,-0.09278350515463918,True,UNDERCHARGED
INV_048,TRK_000419,PROD_D,SVC_02,9.23,7.9,1.0,4.03,1.0,0.43,7.9,0.0,0.0,True,MATCH
INV_048,TRK_000420,PROD_A,SVC_99,12.38,7.7,,,,,,,,False,NO_RATE_FOUND
INV_048,TRK_000421,PROD_C,SVC_03,2.89,4.74,1.0,3.26,1.0,0.77,4.8,-0.05999999999999961,-0.01249999999999992,True,UNDERCHARGED
INV_048,TRK_000422,PROD_C,SVC_02,11.94,7.58,1.0,2.95,1.0,0.47,8.120000000000001,-0.5400000000000009,-0.06650246305418729,True,UNDERCHARGED
INV_048,TRK_000423,PROD_D,SVC_99,7.36,10.25,,,,,,,,False,NO_RATE_FOUND
INV_048,TRK_000424,PROD_A,SVC_02,7.99,9.41,1.0,4.33,1.0,0.84,10.21,-0.8000000000000007,-0.07835455435847215,True,UNDERCHARGED
INV_048,TRK_000425,PROD_A,SVC_03,12.32,8.48,1.0,2.89,1.0,0.44,8.17,0.3100000000000005,0.03794369645042846,True,OVERCHARGED
INV_049,TRK_000426,PROD_B,SVC_01,9.24,11.34,1.0,2.65,1.0,1.08,12.370000000000001,-1.0300000000000011,-0.08326596604688771,True,UNDERCHARGED
INV_049,TRK_000427,PROD_A,SVC_99,11.6,8.01,,,,,,,,False,NO_RATE_FOUND
INV_049,TRK_000428,PROD_C,SVC_03,4.27,6.15,1.0,3.26,1.0,0.77,6.34,-0.1899999999999995,-0.029968454258675,True,UNDERCHARGED
INV_049,TRK_000429,PROD_D,SVC_03,12.18,10.82,1.0,3.23,1.0,0.63,10.790000000000001,0.02999999999999936,0.00278035217794248,True,OVERCHARGED
INV_049,TRK_000430,PROD_B,SVC_02,8.88,10.65,1.0,4.0,1.0,0.94,11.52,-0.8699999999999992,-0.07552083333333327,True,UNDERCHARGED
INV_049,TRK_000431,PROD_C,SVC_99,7.2,7.82,,,,,,,,False,NO_RATE_FOUND
INV_049,TRK_000432,PROD_B,SVC_01,9.7,12.3,1.0,2.65,1.0,1.08,12.370000000000001,-0.07000000000000028,-0.005658852061438987,True,UNDERCHARGED
INV_049,TRK_000433,PROD_D,SVC_03,4.0,5.26,1.0,3.23,1.0,0.63,5.12,0.13999999999999968,0.027343749999999938,True,OVERCHARGED
INV_049,TRK_000434,PROD_A,SVC_02,14.82,14.78,1.0,4.33,1.0,0.84,16.09,-1.3100000000000005,-0.0814170292106899,True,UNDERCHARGED
INV_049,TRK_000435,PROD_A,SVC_03,6.75,5.36,1.0,2.89,1.0,0.44,5.53,-0.16999999999999993,-0.030741410488245916,True,UNDERCHARGED
INV_049,TRK_000436,PROD_A,SVC_03,14.87,8.32,1.0,2.89,1.0,0.44,9.05,-0.7300000000000004,-0.0806629834254144,True,UNDERCHARGED
INV_049,TRK_000437,PROD_C,SVC_03,5.19,7.01,1.0,3.26,1.0,0.77,7.109999999999999,-0.09999999999999964,-0.014064697609001357,True,UNDERCHARGED
INV_049,TRK_000438,PROD_A,SVC_01,1.47,4.3,1.0,3.44,1.0,1.16,4.6,-0.2999999999999998,-0.0652173913043478,True,UNDERCHARGED
INV_050,TRK_000439,PROD_A,SVC_02,3.55,6.28,1.0,4.33,1.0,0.84,6.85,-0.5699999999999994,-0.0832116788321167,True,UNDERCHARGED
INV_050,TRK_000440,PROD_D,SVC_02,12.51,9.28,1.0,4.03,1.0,0.43,9.190000000000001,0.08999999999999808,0.009793253536452455,True,OVERCHARGED
INV_050,TRK_000441,PROD_D,SVC_01,8.19,8.18,1.0,3.58,1.0,0.56,8.06,0.11999999999999922,0.014888337468982533,True,OVERCHARGED
INV_050,TRK_000442,PROD_B,SVC_03,3.62,5.57,1.0,2.55,1.0,1.17,6.06,-0.4899999999999993,-0.08085808580858075,True,UNDERCHARGED
INV_050,TRK_000443,PROD_B,SVC_03,14.91,19.43,1.0,2.55,1.0,1.17,18.93,0.5,0.02641310089804543,True,OVERCHARGED
INV_050,TRK_000444,PROD_A,SVC_99,6.81,6.0,,,,,,,,False,NO_RATE_FOUND
INV_050,TRK_000445,PROD_B,SVC_03,14.37,17.01,1.0,2.55,1.0,1.17,18.93,-1.9199999999999982,-0.10142630744849436,True,UNDERCHARGED
